{
  "generated_at": "2026-05-26T17:16:02.717348+00:00",
  "engine_version": "v4.4-recent-composition",
  "production_status": "review_default",
  "source_file": "revancha.csv",
  "source_sha256": "c17309c08b602b9178af4a1bc59e5349427b38c31558f3333077cede439d9ae5",
  "window": 30,
  "latest_draw": 4217,
  "draws_used": [
    4188,
    4189,
    4190,
    4191,
    4192,
    4193,
    4194,
    4195,
    4196,
    4197,
    4198,
    4199,
    4200,
    4201,
    4202,
    4203,
    4204,
    4205,
    4206,
    4207,
    4208,
    4209,
    4210,
    4211,
    4212,
    4213,
    4214,
    4215,
    4216,
    4217
  ],
  "sum_profile": {
    "sum_min": 130,
    "sum_max": 265,
    "sum_avg": 175.0,
    "sum_median": 170.0,
    "sum_band_distribution": {
      "extreme_high": 8,
      "historical_core": 8,
      "high_tail": 7,
      "upper_core": 7
    },
    "dominant_sum_band": "extreme_high"
  },
  "parity_profile": {
    "parity_distribution": {
      "3_even_3_odd": 9,
      "2_even_4_odd": 7,
      "4_even_2_odd": 6,
      "1_even_5_odd": 5,
      "0_even_6_odd": 2,
      "6_even_0_odd": 1
    },
    "dominant_parity": "3_even_3_odd"
  },
  "presence_signature_profile": {
    "presence_signature_distribution": {
      "1-1-1-0-1": 7,
      "0-1-1-1-1": 4,
      "1-1-1-1-1": 4,
      "1-0-1-1-1": 3,
      "1-0-0-1-1": 2,
      "0-1-1-0-1": 2,
      "1-1-0-1-1": 2,
      "0-1-1-1-0": 1,
      "1-1-1-1-0": 1,
      "0-1-0-1-1": 1,
      "0-0-1-0-1": 1,
      "1-0-1-1-0": 1,
      "1-0-1-0-1": 1
    },
    "dominant_presence_signature": "1-1-1-0-1",
    "second_presence_signature": "0-1-1-1-1"
  },
  "immediate_overlap_profile": {
    "immediate_overlap_distribution": {
      "0": 17,
      "1": 12,
      "2": 1
    },
    "avg_immediate_overlap": 0.466667,
    "dominant_immediate_overlap": 0
  },
  "pair_companion_profile": {
    "pair_companion_counts": {
      "29-43": 3,
      "16-18": 3,
      "7-27": 3,
      "15-27": 3,
      "15-22": 3,
      "29-45": 2,
      "13-15": 2,
      "13-16": 2,
      "15-18": 2,
      "15-25": 2,
      "19-25": 2,
      "19-54": 2,
      "52-54": 2,
      "25-35": 2,
      "25-45": 2,
      "7-16": 2,
      "7-29": 2,
      "16-27": 2,
      "16-29": 2,
      "16-24": 2,
      "16-50": 2,
      "18-24": 2,
      "13-41": 2,
      "39-41": 2,
      "15-43": 2,
      "15-46": 2,
      "27-53": 2,
      "43-46": 2,
      "9-49": 2,
      "11-48": 2,
      "7-15": 2,
      "7-22": 2,
      "7-45": 2,
      "15-17": 2,
      "15-45": 2,
      "15-51": 2,
      "17-51": 2,
      "22-45": 2,
      "42-48": 2,
      "6-27": 2,
      "23-27": 2,
      "32-41": 2,
      "20-42": 2,
      "18-27": 2,
      "18-45": 2,
      "24-27": 2,
      "32-45": 2,
      "7-18": 2,
      "47-49": 2,
      "39-47": 2,
      "3-54": 2
    },
    "top_pair_companions": [
      {
        "pair": [
          29,
          43
        ],
        "recent_co_appearances": 3,
        "window": 30,
        "pair_companion_score": 0.1
      },
      {
        "pair": [
          16,
          18
        ],
        "recent_co_appearances": 3,
        "window": 30,
        "pair_companion_score": 0.1
      },
      {
        "pair": [
          7,
          27
        ],
        "recent_co_appearances": 3,
        "window": 30,
        "pair_companion_score": 0.1
      },
      {
        "pair": [
          15,
          27
        ],
        "recent_co_appearances": 3,
        "window": 30,
        "pair_companion_score": 0.1
      },
      {
        "pair": [
          15,
          22
        ],
        "recent_co_appearances": 3,
        "window": 30,
        "pair_companion_score": 0.1
      },
      {
        "pair": [
          29,
          45
        ],
        "recent_co_appearances": 2,
        "window": 30,
        "pair_companion_score": 0.066667
      },
      {
        "pair": [
          13,
          15
        ],
        "recent_co_appearances": 2,
        "window": 30,
        "pair_companion_score": 0.066667
      },
      {
        "pair": [
          13,
          16
        ],
        "recent_co_appearances": 2,
        "window": 30,
        "pair_companion_score": 0.066667
      },
      {
        "pair": [
          15,
          18
        ],
        "recent_co_appearances": 2,
        "window": 30,
        "pair_companion_score": 0.066667
      },
      {
        "pair": [
          15,
          25
        ],
        "recent_co_appearances": 2,
        "window": 30,
        "pair_companion_score": 0.066667
      },
      {
        "pair": [
          19,
          25
        ],
        "recent_co_appearances": 2,
        "window": 30,
        "pair_companion_score": 0.066667
      },
      {
        "pair": [
          19,
          54
        ],
        "recent_co_appearances": 2,
        "window": 30,
        "pair_companion_score": 0.066667
      },
      {
        "pair": [
          52,
          54
        ],
        "recent_co_appearances": 2,
        "window": 30,
        "pair_companion_score": 0.066667
      },
      {
        "pair": [
          25,
          35
        ],
        "recent_co_appearances": 2,
        "window": 30,
        "pair_companion_score": 0.066667
      },
      {
        "pair": [
          25,
          45
        ],
        "recent_co_appearances": 2,
        "window": 30,
        "pair_companion_score": 0.066667
      },
      {
        "pair": [
          7,
          16
        ],
        "recent_co_appearances": 2,
        "window": 30,
        "pair_companion_score": 0.066667
      },
      {
        "pair": [
          7,
          29
        ],
        "recent_co_appearances": 2,
        "window": 30,
        "pair_companion_score": 0.066667
      },
      {
        "pair": [
          16,
          27
        ],
        "recent_co_appearances": 2,
        "window": 30,
        "pair_companion_score": 0.066667
      },
      {
        "pair": [
          16,
          29
        ],
        "recent_co_appearances": 2,
        "window": 30,
        "pair_companion_score": 0.066667
      },
      {
        "pair": [
          16,
          24
        ],
        "recent_co_appearances": 2,
        "window": 30,
        "pair_companion_score": 0.066667
      },
      {
        "pair": [
          16,
          50
        ],
        "recent_co_appearances": 2,
        "window": 30,
        "pair_companion_score": 0.066667
      },
      {
        "pair": [
          18,
          24
        ],
        "recent_co_appearances": 2,
        "window": 30,
        "pair_companion_score": 0.066667
      },
      {
        "pair": [
          13,
          41
        ],
        "recent_co_appearances": 2,
        "window": 30,
        "pair_companion_score": 0.066667
      },
      {
        "pair": [
          39,
          41
        ],
        "recent_co_appearances": 2,
        "window": 30,
        "pair_companion_score": 0.066667
      },
      {
        "pair": [
          15,
          43
        ],
        "recent_co_appearances": 2,
        "window": 30,
        "pair_companion_score": 0.066667
      },
      {
        "pair": [
          15,
          46
        ],
        "recent_co_appearances": 2,
        "window": 30,
        "pair_companion_score": 0.066667
      },
      {
        "pair": [
          27,
          53
        ],
        "recent_co_appearances": 2,
        "window": 30,
        "pair_companion_score": 0.066667
      },
      {
        "pair": [
          43,
          46
        ],
        "recent_co_appearances": 2,
        "window": 30,
        "pair_companion_score": 0.066667
      },
      {
        "pair": [
          9,
          49
        ],
        "recent_co_appearances": 2,
        "window": 30,
        "pair_companion_score": 0.066667
      },
      {
        "pair": [
          11,
          48
        ],
        "recent_co_appearances": 2,
        "window": 30,
        "pair_companion_score": 0.066667
      }
    ],