{
  "generated_at": "2026-05-26T17:16:02.601894+00:00",
  "engine_version": "v4.4-winner-profile",
  "production_status": "review_default",
  "source_file": "revancha.csv",
  "source_sha256": "c17309c08b602b9178af4a1bc59e5349427b38c31558f3333077cede439d9ae5",
  "latest_draw": 4217,
  "draw_count": 2132,
  "sum_profile": {
    "sum_min": 56,
    "sum_max": 297,
    "sum_avg": 171.287523,
    "sum_median": 172.0,
    "sum_band_distribution": {
      "high_tail": 614,
      "upper_core": 612,
      "extreme_high": 469,
      "historical_core": 382,
      "low_tail": 55
    },
    "dominant_sum_band": "high_tail"
  },
  "parity_profile": {
    "parity_distribution": {
      "3_even_3_odd": 719,
      "4_even_2_odd": 521,
      "2_even_4_odd": 485,
      "1_even_5_odd": 192,
      "5_even_1_odd": 162,
      "6_even_0_odd": 28,
      "0_even_6_odd": 25
    },
    "dominant_parity": "3_even_3_odd"
  },
  "presence_signature_profile": {
    "presence_signature_distribution": {
      "1-0-1-1-1": 264,
      "1-1-1-1-1": 260,
      "1-1-0-1-1": 249,
      "0-1-1-1-1": 236,
      "1-1-1-0-1": 234,
      "0-0-1-1-1": 110,
      "1-1-1-1-0": 109,
      "1-0-0-1-1": 103,
      "1-1-0-0-1": 97,
      "0-1-1-0-1": 90,
      "1-0-1-0-1": 87,
      "0-1-0-1-1": 85,
      "1-1-1-0-0": 46,
      "1-0-1-1-0": 36,
      "0-1-1-1-0": 34,
      "1-1-0-1-0": 28,
      "1-0-0-0-1": 18,
      "0-0-0-1-1": 15,
      "0-0-1-0-1": 10,
      "0-1-0-0-1": 8,
      "0-1-1-0-0": 6,
      "0-1-0-1-0": 4,
      "0-0-1-1-0": 2,
      "1-1-0-0-0": 1
    },
    "dominant_presence_signature": "1-0-1-1-1"
  },
  "block_signature_profile": {
    "block_signature_distribution": {
      "1-1-1-1-2": 71,
      "1-2-1-1-1": 55,
      "2-1-1-1-1": 47,
      "1-0-1-1-3": 47,
      "0-1-2-1-2": 46,
      "1-1-2-1-1": 45,
      "1-1-1-2-1": 42,
      "1-0-1-2-2": 41,
      "1-1-2-0-2": 41,
      "1-1-0-2-2": 40,
      "1-1-1-0-3": 40,
      "2-1-0-1-2": 39,
      "2-1-1-0-2": 38,
      "0-1-1-2-2": 37,
      "1-0-2-1-2": 36,
      "1-2-0-1-2": 36,
      "0-2-1-1-2": 34,
      "0-1-1-1-3": 32,
      "0-0-2-1-3": 32,
      "2-0-1-2-1": 30,
      "1-0-2-2-1": 30,
      "1-1-0-1-3": 30,
      "1-2-1-0-2": 30,
      "2-0-1-1-2": 24,
      "2-1-0-0-3": 24,
      "1-2-0-2-1": 23,
      "2-0-2-0-2": 23,
      "2-2-0-1-1": 23,
      "1-2-2-0-1": 22,
      "0-2-0-2-2": 21,
      "2-0-2-1-1": 20,
      "0-2-2-0-2": 19,
      "2-2-1-0-1": 19,
      "0-2-0-1-3": 18,
      "0-0-1-2-3": 18,
      "0-1-1-3-1": 18,
      "0-1-2-2-1": 17,
      "1-2-0-0-3": 17,
      "1-1-2-2-0": 17,
      "2-1-0-2-1": 17,
      "2-0-0-2-2": 16,
      "1-1-0-3-1": 16,
      "2-2-1-1-0": 16,
      "1-2-2-1-0": 15,
      "0-2-2-1-1": 15,
      "1-0-1-3-1": 15,
      "0-2-1-2-1": 15,
      "0-3-1-0-2": 15,
      "1-0-0-1-4": 14,
      "3-1-0-1-1": 14,
      "1-0-0-3-2": 14,
      "0-1-0-2-3": 14,
      "2-1-2-0-1": 14,
      "2-1-2-1-0": 13,
      "2-0-0-1-3": 13,
      "1-0-3-1-1": 13,
      "2-2-0-0-2": 13,
      "1-0-2-0-3": 13,
      "0-2-1-0-3": 13,
      "1-1-3-1-0": 13,
      "3-0-0-1-2": 12,
      "0-0-2-3-1": 12,
      "1-3-1-0-1": 12,
      "0-0-2-2-2": 12,
      "1-3-0-0-2": 12,
      "0-1-2-0-3": 12,
      "0-1-3-1-1": 11,
      "0-3-1-1-1": 11,
      "1-0-0-2-3": 11,
      "2-2-2-0-0": 11,
      "3-1-1-0-1": 11,
      "1-3-0-1-1": 11,
      "1-0-3-0-2": 10,
      "0-3-0-1-2": 10,
      "3-1-0-0-2": 10,
      "1-1-0-0-4": 10,
      "2-1-1-2-0": 9,
      "2-0-1-0-3": 9,
      "3-0-1-0-2": 9,
      "0-1-3-0-2": 9,
      "1-0-1-0-4": 9,
      "0-0-3-1-2": 8,
      "3-0-1-1-1": 8,
      "1-2-1-2-0": 8,
      "0-3-1-2-0": 8,
      "2-0-0-3-1": 8,
      "0-0-1-3-2": 8,
      "0-0-1-1-4": 7,
      "2-1-3-0-0": 7,
      "1-1-3-0-1": 7,
      "1-0-0-0-5": 7,
      "0-1-1-0-4": 7,
      "0-0-3-2-1": 7,
      "3-0-1-2-0": 7,
      "3-0-2-0-1": 7,
      "0-1-4-0-1": 6,
      "1-3-1-1-0": 6,
      "0-3-2-0-1": 6,
      "0-0-0-1-5": 6,
      "3-0-0-2-1": 6,
      "1-1-1-3-0": 6,
      "1-0-2-3-0": 6,
      "2-0-0-0-4": 6,
      "3-1-1-1-0": 6,
      "2-3-1-0-0": 6,
      "0-2-2-2-0": 6,
      "1-0-3-2-0": 6,
      "0-1-0-3-2": 6,
      "0-1-0-1-4": 6,
      "2-0-2-2-0": 5,
      "3-0-0-0-3": 5,
      "1-0-0-4-1": 5,
      "2-2-0-2-0": 5,
      "0-2-0-3-1": 5,
      "2-0-1-3-0": 5,
      "0-0-1-4-1": 5,
      "0-0-2-0-4": 4,
      "2-3-0-0-1": 4,
      "0-0-0-2-4": 4,
      "0-2-3-1-0": 4,
      "0-1-3-2-0": 4,
      "2-0-3-1-0": 4,
      "0-3-0-2-1": 4,
      "1-1-4-0-0": 4,
      "1-2-0-3-0": 4,
      "0-1-2-3-0": 4,
      "4-0-0-1-1": 4,
      "3-1-2-0-0": 4,
      "1-2-3-0-0": 3,
      "2-1-0-3-0": 3,
      "3-2-1-0-0": 3,
      "1-1-0-4-0": 3,
      "0-2-0-0-4": 3,
      "0-0-0-3-3": 3,
      "2-0-3-0-1": 3,
      "3-2-0-1-0": 3,
      "1-4-1-0-0": 3,
      "0-1-4-1-0": 3,
      "1-4-0-0-1": 3,
      "0-0-3-0-3": 3,
      "1-3-0-2-0": 3,
      "4-1-0-0-1": 3,
      "3-1-0-2-0": 3,
      "1-3-2-0-0": 3,
      "0-2-3-0-1": 3,
      "1-0-4-1-0": 2,
      "0-3-3-0-0": 2,
      "4-0-1-0-1": 2,
      "2-3-0-1-0": 2,
      "0-1-0-0-5": 2,
      "0-2-1-3-0": 2,
      "4-1-1-0-0": 2,
      "0-0-0-4-2": 2,
      "0-0-4-0-2": 2,
      "1-0-4-0-1": 2,
      "4-1-0-1-0": 2,
      "0-2-4-0-0": 2,
      "0-2-0-4-0": 2,
      "0-3-2-1-0": 2,
      "0-4-2-0-0": 2,
      "0-3-0-0-3": 2,
      "0-1-0-4-1": 1,
      "0-0-4-1-1": 1,
      "0-4-0-2-0": 1,
      "0-0-3-3-0": 1,
      "0-0-4-2-0": 1,
      "3-0-2-1-0": 1,
      "0-4-0-0-2": 1,
      "0-3-0-3-0": 1,
      "3-3-0-0-0": 1,
      "3-2-0-0-1": 1,
      "0-4-1-1-0": 1,
      "0-0-1-0-5": 1
    },
    "dominant_block_signature": "1-1-1-1-2"
  },
  "immediate_overlap_profile": {
    "immediate_overlap_distribution": {
      "0": 1069,
      "1": 835,
      "2": 207,
      "3": 20
    },
    "avg_immediate_overlap": 0.614266,
    "dominant_immediate_overlap": 0
  },
  "summary_es": "Perfil histórico ganador construido para revisión de composición."
}